{
  "DockerbenchSecurity": "1.3.5",
  "Tests": [
    {
      "Id": "1",
      "Desc": "Docker主机配置",
      "Checks": [
        {
          "Id": "1.1.1",
          "Desc": "加固容器宿主机 (不计评分)",
          "CheckId": "check_1_1_1"
        },
        {
          "Id": "1.1.2",
          "Desc": "保持Docker版本更新 (不计评分)",
          "CheckId": "check_1_1_2"
        },
        {
          "Id": "1.2.1",
          "Desc": "为容器创建一个单独的分区 (计入评分)",
          "CheckId": "check_1_2_1"
        },
        {
          "Id": "1.2.2",
          "Desc": "只有受信任的用户才能控制 docker 守护进程  (计入评分)",
          "CheckId": "check_1_2_2"
        },
        {
          "Id": "1.2.3",
          "Desc": "审计docker守护进程 (计入评分)",
          "CheckId": "check_1_2_3"
        },
        {
          "Id": "1.2.4",
          "Desc": "审计docker文件和目录-/var/lib/docker - /var/lib/docker (计入评分)",
          "CheckId": "check_1_2_3"
        },
        {
          "Id": "1.2.5",
          "Desc": "审计docker文件和目录 - /etc/docker (计入评分)",
          "CheckId": "check_1_2_5"
        },
        {
          "Id": "1.2.6",
          "Desc": "审计docker文件和目录 - docker.service (计入评分)",
          "CheckId": "check_1_2_6"
        },
        {
          "Id": "1.2.7",
          "Desc": "审计docker文件和目录 - docker.socket (计入评分)",
          "CheckId": "check_1_2_7"
        },
        {
          "Id": "1.2.8",
          "Desc": "审计docker文件和目录 - /etc/default/docker (计入评分)",
          "CheckId": "check_1_2_8"
        },
        {
          "Id": "1.2.9",
          "Desc": "审计docker文件和目录 - /etc/sysconfig/docker (计入评分)",
          "CheckId": "check_1_2_9"
        },
        {
          "Id": "1.2.10",
          "Desc": "审计docker文件和目录 - /etc/docker/daemon.json (计入评分)",
          "CheckId": "check_1_2_10"
        },
        {
          "Id": "1.2.11",
          "Desc": "审计docker文件和目录 - /usr/bin/containerd (计入评分)",
          "CheckId": "check_1_2_11"
        },
        {
          "Id": "1.2.12",
          "Desc": "审计docker文件和目录 - /usr/sbin/runc (计入评分)",
          "CheckId": "check_1_2_12"
        }
      ]
    },
    {
      "Id": "2",
      "Desc": "Docker 守护进程安全配置",
      "Checks": [
        {
          "Id": "2.1",
          "Desc": "限制默认网桥上容器之间的网络流量 (计入评分)",
          "CheckId": "check_2_1"
        },
        {
          "Id": "2.2",
          "Desc": "设置日志级别为info (计入评分)",
          "CheckId": "check_2_2"
        },
        {
          "Id": "2.3",
          "Desc": "允许docker更改IPtables (计入评分)",
          "CheckId": "check_2_3"
        },
        {
          "Id": "2.4",
          "Desc": "不使用不安全的镜像仓库 (计入评分)",
          "CheckId": "check_2_4"
        },
        {
          "Id": "2.5",
          "Desc": "不使用aufs存储驱动程序 (计入评分)",
          "CheckId": "check_2_5"
        },
        {
          "Id": "2.6",
          "Desc": "docker守护进程配置TLS身份认证 (计入评分)",
          "CheckId": "check_2_6"
        },
        {
          "Id": "2.7",
          "Desc": "配置合适的ulimit (不计评分)",
          "CheckId": "check_2_7"
        },
        {
          "Id": "2.8",
          "Desc": "启用用户命名空间 (计入评分)",
          "CheckId": "check_2_8"
        },
        {
          "Id": "2.9",
          "Desc": "使用默认cgroup (计入评分)",
          "CheckId": "check_2_9"
        },
        {
          "Id": "2.10",
          "Desc": "设置容器的默认空间大小 (计入评分)",
          "CheckId": "check_2_10"
        },
        {
          "Id": "2.11",
          "Desc": "启用docker客户端命令的授权 (计入评分)",
          "CheckId": "check_2_11"
        },
        {
          "Id": "2.12",
          "Desc": "配置集中和远程日志记录 (计入评分)",
          "CheckId": "check_2_12"
        },
        {
          "Id": "2.13",
          "Desc": "启用实时恢复 (计入评分)",
          "CheckId": "check_2_13"
        },
        {
          "Id": "2.14",
          "Desc": "禁用userland代理 (计入评分)",
          "CheckId": "check_2_14"
        },
        {
          "Id": "2.15",
          "Desc": "应用守护进程范围的自定义seccomp配置文件 (不计评分)",
          "CheckId": "check_2_15"
        },
        {
          "Id": "2.16",
          "Desc": "生产环境中避免实验性功能 (计入评分)",
          "CheckId": "check_2_16"
        },
        {
          "Id": "2.17",
          "Desc": "限制容器获取新的权限 (计入评分)",
          "CheckId": "check_2_17"
        },
        {
          "Id": "2.18",
          "Desc": "docker API暴露在外 (计入评分)",
          "CheckId": "check_2_18"
        }
      ]
    },
    {
      "Id": "3",
      "Desc": "Docker 守护进程文件权限配置",
      "Checks": [
        {
          "Id": "3.1",
          "Desc": "设置docker.service文件的所有权为 root:root (计入评分)",
          "CheckId": "check_3_1"
        },
        {
          "Id": "3.2",
          "Desc": "设置docker.service文件权限为644或更多限制性 (计入评分)",
          "CheckId": "check_3_2"
        },
        {
          "Id": "3.3",
          "Desc": "设置docker.socket文件所有权为 root:root (计入评分)",
          "CheckId": "check_3_3"
        },
        {
          "Id": "3.4",
          "Desc": "设置docker.socket文件权限为644或更多限制性 (计入评分)",
          "CheckId": "check_3_4"
        },
        {
          "Id": "3.5",
          "Desc": "设置/etc/docker目录所有权为 root:root (计入评分)",
          "CheckId": "check_3_5"
        },
        {
          "Id": "3.6",
          "Desc": "chmod 755 /etc/docker这将把目录的权限设置为755。",
          "CheckId": "check_3_6"
        },
        {
          "Id": "3.7",
          "Desc": "设置仓库证书文件所有权为root:root (计入评分)",
          "CheckId": "check_3_7"
        },
        {
          "Id": "3.8",
          "Desc": "设置仓库证书文件权限为444或更多限制性 (计入评分)",
          "CheckId": "check_3_8"
        },
        {
          "Id": "3.9",
          "Desc": "设置TLS CA证书文件所有权为root:root (计入评分)",
          "CheckId": "check_3_9"
        },
        {
          "Id": "3.10",
          "Desc": "设置TLS CA证书文件权限为444或更多限制性 (计入评分)",
          "CheckId": "check_3_10"
        },
        {
          "Id": "3.11",
          "Desc": "设置docker服务器证书文件所有权为root:root (计入评分)",
          "CheckId": "check_3_11"
        },
        {
          "Id": "3.12",
          "Desc": "设置docker服务器证书文件权限为444或更多限制 (计入评分)",
          "CheckId": "check_3_12"
        },
        {
          "Id": "3.13",
          "Desc": "设置docker服务器证书密钥文件所有权为 root:root (计入评分)",
          "CheckId": "check_3_13"
        },
        {
          "Id": "3.14",
          "Desc": "设置docker服务器证书密钥文件权限为400 (计入评分)",
          "CheckId": "check_3_14"
        },
        {
          "Id": "3.15",
          "Desc": "设置docker.sock文件所有权为 root:docker (计入评分)",
          "CheckId": "check_3_15"
        },
        {
          "Id": "3.16",
          "Desc": "设置docker.sock文件权限为660或更多限制性 (计入评分)",
          "CheckId": "check_3_16"
        },
        {
          "Id": "3.17",
          "Desc": "设置daemon.json文件所有权为 root:root (计入评分)",
          "CheckId": "check_3_17"
        },
        {
          "Id": "3.18",
          "Desc": "设置daemon.json文件权限为644或更多限制性 (计入评分)",
          "CheckId": "check_3_18"
        },
        {
          "Id": "3.19",
          "Desc": "设置/etc/default/docker文件所有权为 root:root (计入评分)",
          "CheckId": "check_3_19"
        },
        {
          "Id": "3.20",
          "Desc": "设置/etc/default/docker文件权限为644或更多限制性 root:root (计入评分)",
          "CheckId": "check_3_20"
        },
        {
          "Id": "3.21",
          "Desc": "设置/etc/sysconfig/docker的文件权限为644或更多的限制性 (计入评分)",
          "CheckId": "check_3_21"
        },
        {
          "Id": "3.22",
          "Desc": "设置/etc/default/docker的文件权限为644或更多的限制性 (计入评分)",
          "CheckId": "check_3_22"
        }
      ]
    },
    {
      "Id": "4",
      "Desc": "容器镜像和构建文件",
      "Checks": [
        {
          "Id": "4.1",
          "Desc": "创建容器的用户 (计入评分)",
          "CheckId": "check_4_1"
        },
        {
          "Id": "4.2",
          "Desc": "容器使用可信的基础镜像 (不计评分)",
          "CheckId": "check_4_2"
        },
        {
          "Id": "4.3",
          "Desc": "容器中不安装没有必要的软件包 (不计评分)",
          "CheckId": "check_4_3"
        },
        {
          "Id": "4.4",
          "Desc": "扫描镜像漏洞并且构建包含安全补丁的镜像 (不计评分)",
          "CheckId": "check_4_4"
        },
        {
          "Id": "4.5",
          "Desc": "启用 docker 内容信任 (计入评分)",
          "CheckId": "check_4_5"
        },
        {
          "Id": "4.6",
          "Desc": "将 HEALTHCHECK 说明添加到容器镜像 (计入评分)",
          "CheckId": "check_4_6"
        },
        {
          "Id": "4.7",
          "Desc": "不在 dockerfile 中单独使用更新命令 (不计评分)",
          "CheckId": "check_4_7"
        },
        {
          "Id": "4.8",
          "Desc": "镜像中删除 setuid 和 setgid 权限 (不计评分)",
          "CheckId": "check_4_8"
        },
        {
          "Id": "4.9",
          "Desc": "在 dockerfile 中使用 COPY 而不是 ADD  (不计评分)",
          "CheckId": "check_4_9"
        },
        {
          "Id": "4.10",
          "Desc": "涉密信息不存储在 Dockerfiles (不计评分)",
          "CheckId": "check_4_10"
        },
        {
          "Id": "4.11",
          "Desc": "仅安装已经验证的软件包 (不计评分)",
          "CheckId": "check_4_11"
        }
      ]
    },
    {
      "Id": "5",
      "Desc": "容器运行时保护",
      "Checks": [
        {
          "Id": "5.1",
          "Desc": "启用 AppArmor 配置文件 (计入评分)",
          "CheckId": "check_5_1"
        },
        {
          "Id": "5.2",
          "Desc": "设置 SElinux 安全选项 (计入评分)",
          "CheckId": "check_5_2"
        },
        {
          "Id": "5.3",
          "Desc": "linux 内核功能在容器内受限 (计入评分)",
          "CheckId": "check_5_3"
        },
        {
          "Id": "5.4",
          "Desc": "不使用特权容器 (计入评分)",
          "CheckId": "check_5_4"
        },
        {
          "Id": "5.5",
          "Desc": "敏感的主机系统目录未挂载在容器上 (计入评分)",
          "CheckId": "check_5_5"
        },
        {
          "Id": "5.6",
          "Desc": "sshd不在容器中运行 (计入评分)",
          "CheckId": "check_5_6"
        },
        {
          "Id": "5.7",
          "Desc": "特权端口禁止映射到容器内 (计入评分)",
          "CheckId": "check_5_7"
        },
        {
          "Id": "5.8",
          "Desc": "只映射必要的端口只映射必要的端口 (不计评分)",
          "CheckId": "check_5_8"
        },
        {
          "Id": "5.9",
          "Desc": "不共享主机的网络命名空间 (计入评分)",
          "CheckId": "check_5_9"
        },
        {
          "Id": "5.10",
          "Desc": "确保容器的内存使用合理 (计入评分)",
          "CheckId": "check_5_10"
        },
        {
          "Id": "5.11",
          "Desc": "正确设置容器上的 CPU 优先级 (计入评分)",
          "CheckId": "check_5_11"
        },
        {
          "Id": "5.12",
          "Desc": "设置容器的根文件系统为只读 (计入评分)",
          "CheckId": "check_5_12"
        },
        {
          "Id": "5.13",
          "Desc": "确保进入容器的流量绑定到特定的主机接口 (计入评分)",
          "CheckId": "check_5_13"
        },
        {
          "Id": "5.14",
          "Desc": "容器重启策略 on-failure 设置为 5  (计入评分)",
          "CheckId": "check_5_14"
        },
        {
          "Id": "5.15",
          "Desc": "确保主机的进程命名空间不共享 (计入评分)",
          "CheckId": "check_5_15"
        },
        {
          "Id": "5.16",
          "Desc": "主机的 IPC 命令空间不共享 (计入评分)",
          "CheckId": "check_5_16"
        },
        {
          "Id": "5.17",
          "Desc": "主机设备不直接共享给容器 (不计评分)",
          "CheckId": "check_5_17"
        },
        {
          "Id": "5.18",
          "Desc": "设置默认的 ulimit 配置（在需要时） (不计评分)",
          "CheckId": "check_5_18"
        },
        {
          "Id": "5.19",
          "Desc": "设置装载传播模式不共享 (计入评分)",
          "CheckId": "check_5_19"
        },
        {
          "Id": "5.20",
          "Desc": "设置主机的 UTS 命令空间不共享 (计入评分)",
          "CheckId": "check_5_20"
        },
        {
          "Id": "5.21",
          "Desc": "默认的 seccomp 配置文件未禁用 (计入评分)",
          "CheckId": "check_5_21"
        },
        {
          "Id": "5.22",
          "Desc": "docker exec 命令不能使用特权选项n (计入评分)",
          "CheckId": "check_5_22"
        },
        {
          "Id": "5.23",
          "Desc": "docker exec 命令不能与 uuser=root 选项一起使用 (不计评分)",
          "CheckId": "check_5_23"
        },
        {
          "Id": "5.24",
          "Desc": "确保 cgroug 安全使用 (计入评分)",
          "CheckId": "check_5_24"
        },
        {
          "Id": "5.25",
          "Desc": "限制容器获得额外的权限 (计入评分)",
          "CheckId": "check_5_25"
        },
        {
          "Id": "5.26",
          "Desc": "运行时检查容器健康状态 (计入评分)",
          "CheckId": "check_5_26"
        },
        {
          "Id": "5.27",
          "Desc": "确保 docker 命令始终获取最新版本的镜像 (不计评分)",
          "CheckId": "check_5_27"
        },
        {
          "Id": "5.28",
          "Desc": "限制使用 PID cgroup (计入评分)",
          "CheckId": "check_5_28"
        },
        {
          "Id": "5.29",
          "Desc": "不要使用 docker 的默认网桥 docker0 (不计评分)",
          "CheckId": "check_5_29"
        },
        {
          "Id": "5.30",
          "Desc": "不共享主机的用户命名空间 (计入评分)",
          "CheckId": "check_5_30"
        },
        {
          "Id": "5.31",
          "Desc": "任何容器内不能安装 docker 套接字 (计入评分)",
          "CheckId": "check_5_31"
        }
      ]
    },
    {
      "Id": "6",
      "Desc": "Docker 安全操作",
      "Checks": [
        {
          "Id": "6.1",
          "Desc": "避免镜像泛滥 (不计评分)",
          "CheckId": "check_6_1"
        },
        {
          "Id": "6.2",
          "Desc": "避免容器泛滥 (不计评分)",
          "CheckId": "check_6_2"
        }
      ]
    },
    {
      "Id": "7",
      "Desc": "Docker 集群配置",
      "Checks": [
        {
          "Id": "7.1",
          "Desc": "必要时不启用群集模式 (计入评分)",
          "CheckId": "check_7_1"
        },
        {
          "Id": "7.2",
          "Desc": "在群集中最小数量创建管理器节点 (计入评分)",
          "CheckId": "check_7_2"
        },
        {
          "Id": "7.3",
          "Desc": "群集服务绑定到特定的主机接口 (计入评分)",
          "CheckId": "check_7_3"
        },
        {
          "Id": "7.4",
          "Desc": "数据在的不同节点上进行加密 (计入评分)",
          "CheckId": "check_7_4"
        },
        {
          "Id": "7.5",
          "Desc": "管理 Swarm 集群中的涉密信息 (不计评分)",
          "CheckId": "check_7_5"
        },
        {
          "Id": "7.6",
          "Desc": "swarm manager 在自动锁定模式下运行 (计入评分)",
          "CheckId": "check_7_6"
        },
        {
          "Id": "7.7",
          "Desc": "swarm manager 自动锁定秘钥周期性轮换 (不计评分)",
          "CheckId": "check_7_7"
        },
        {
          "Id": "7.8",
          "Desc": "节点证书适当轮换 (不计评分)",
          "CheckId": "check_7_8"
        },
        {
          "Id": "7.9",
          "Desc": "CA 根证书根据需要进行轮换 (不计评分)",
          "CheckId": "check_7_9"
        },
        {
          "Id": "7.10",
          "Desc": "管理平面流量分流自数据平面流量 (不计评分)",
          "CheckId": "check_7_10"
        }
      ]
    },
    {
      "Id": "8",
      "Desc": "Docker 企业版配置",
      "Checks": [
        {
          "Id": "8.1.1",
          "Desc": "配置LDAP认证服务 (计入评分)",
          "CheckId": "check_8_1_1"
        },
        {
          "Id": "8.1.2",
          "Desc": "使用外部证书 (计入评分)",
          "CheckId": "check_8_1_2"
        },
        {
          "Id": "8.1.3",
          "Desc": "为没有授权的用户使用客户端证书包 (不计评分)",
          "CheckId": "check_8_1_3"
        },
        {
          "Id": "8.1.4",
          "Desc": "配备适用于集群的RBAC策略 (不计评分)",
          "CheckId": "check_8_1_4"
        },
        {
          "Id": "8.1.5",
          "Desc": "启用签名镜像增强 (计入评分)",
          "CheckId": "check_8_1_5"
        },
        {
          "Id": "8.1.6",
          "Desc": "设置每个用户的会话值为'3'或更低 (计入评分)",
          "CheckId": "check_8_1_6"
        },
        {
          "Id": "8.1.7",
          "Desc": "设置 'Lifetime Minutes'值为15 , 'Renewal Threshold Minutes'值为0  (计入评分)",
          "CheckId": "check_8_1_7"
        },
        {
          "Id": "8.2",
          "Desc": "允许镜像漏洞扫描 (计入评分)",
          "CheckId": "check_8_2"
        }
      ]
    }
  ]
}